id,dam,sire,LLRdam,LLRsire,LLRpair,OHdam,OHsire,MEpair
S100C,S10R,NA,14.31,NA,NA,0,NA,NA
S107C,S10R,NA,9.36,NA,NA,9,NA,NA
S113R,S10R,S51R,9.57,15.72,33.61,6,0,8
S116Q,S39C,S51R,9.58,10.65,31.6,6,0,9
S124C,S908R,S53R,1.67,11.31,22.54,16,0,20
S12C,S10R,S51R,9.4,15,34.67,4,0,4
S131C,S937R,NA,4.24,NA,NA,22,NA,NA
S133C,S910C,NA,1.58,NA,NA,21,NA,NA
S136C,S927C,NA,9.1,NA,NA,12,NA,NA
S146C,S71Q,NA,7.16,NA,NA,0,NA,NA
S14C,S71Q,NA,1.21,NA,NA,15,NA,NA
S150C,S39C,NA,6.98,NA,NA,9,NA,NA
S155R,S71Q,NA,6.36,NA,NA,7,NA,NA
S15C,S39C,NA,7.43,NA,NA,9,NA,NA
S171C,S71Q,NA,6.07,NA,NA,11,NA,NA
S179R,S10R,S51R,7.09,6.95,33.56,10,5,16
S180C,S10R,S71Q,7.84,-1.42,7.83,9,25,39
S188C,S71Q,NA,1.24,NA,NA,10,NA,NA
S189R,S907R,S39C,3.89,1.93,16.19,15,24,44
S190C,S934C,NA,3.2,NA,NA,17,NA,NA
S191C,S954R,NA,2.03,NA,NA,19,NA,NA
S196C,S71Q,NA,7.85,NA,NA,8,NA,NA
S207C,S71Q,NA,3.66,NA,NA,17,NA,NA
S214C,S10R,NA,3.72,NA,NA,12,NA,NA
S216R,S39C,NA,3.6,NA,NA,17,NA,NA
S236C,S852Q,NA,4.17,NA,NA,18,NA,NA
S244C,S51R,NA,1.65,NA,NA,19,NA,NA
S245C,S712C,S51R,2.18,12.3,17.06,24,0,25
S246C,S10R,S51R,6.03,11.19,26.92,13,6,20
S247R,S902R,NA,5.23,NA,NA,13,NA,NA
S24C,S39C,NA,4.94,NA,NA,13,NA,NA
S261R,S853C,NA,0.45,NA,NA,16,NA,NA
S265C,S51R,NA,4.51,NA,NA,10,NA,NA
S270Q,S937R,NA,1.27,NA,NA,30,NA,NA
S272C,S853C,NA,0.13,NA,NA,19,NA,NA
S295C,S10R,NA,14.21,NA,NA,0,NA,NA
S296Q,S10R,S884R,2.71,-3.32,21.79,19,29,49
S297Q,S38Q,NA,4.44,NA,NA,15,NA,NA
S299Q,S978C,NA,2,NA,NA,25,NA,NA
S302R,S51R,NA,7.18,NA,NA,0,NA,NA
S306C,S51R,NA,6.56,NA,NA,8,NA,NA
S315C,S53R,NA,6.93,NA,NA,4,NA,NA
S316M,S51R,NA,10.79,NA,NA,0,NA,NA
S319C,S889C,NA,13.7,NA,NA,0,NA,NA
S325Q,S10R,NA,12.85,NA,NA,0,NA,NA
S331C,S889C,NA,5.94,NA,NA,12,NA,NA
S337Q,S954R,NA,4.85,NA,NA,22,NA,NA
S341C,S39C,S51R,6.97,6.4,29.34,8,6,18
S352R,S10R,NA,0.69,NA,NA,19,NA,NA
S354C,S907R,NA,6.08,NA,NA,11,NA,NA
S355C,S954R,NA,2.58,NA,NA,24,NA,NA
S360M,S853C,NA,3.02,NA,NA,14,NA,NA
S361R,S872Q,NA,1.26,NA,NA,22,NA,NA
S365R,S889C,S928Q,14.6,6.43,29.28,0,12,21
S367C,S53R,NA,7.32,NA,NA,9,NA,NA
S369R,S39C,NA,13.45,NA,NA,6,NA,NA
S36C,S10R,S51R,16.38,8.73,25.84,0,11,13
S373M,S850R,NA,0.7,NA,NA,14,NA,NA
S385R,S71Q,NA,6.15,NA,NA,7,NA,NA
S386R,S39C,NA,1.2,NA,NA,20,NA,NA
S388C,S872Q,NA,-3.55,NA,NA,21,NA,NA
S402R,S890R,NA,6.56,NA,NA,5,NA,NA
S415C,S890R,NA,4.2,NA,NA,7,NA,NA
S416C,S39C,NA,6.03,NA,NA,9,NA,NA
S418R,S937R,NA,-0.63,NA,NA,18,NA,NA
S42R,S920Q,NA,7.78,NA,NA,9,NA,NA
S431R,S10R,S51R,7.15,8.49,32.3,9,6,16
S432R,S889C,NA,10.04,NA,NA,11,NA,NA
S433R,S51R,NA,5.77,NA,NA,11,NA,NA
S434R,S898R,NA,6.6,NA,NA,9,NA,NA
S436R,S39C,NA,10.04,NA,NA,12,NA,NA
S437C,S860Q,S51R,4.86,4.11,25.78,17,11,33
S440C,S954R,NA,3.27,NA,NA,22,NA,NA
S44C,S973M,S989C,12.11,6.97,6.38,5,10,59
S452R,S890R,NA,7.37,NA,NA,0,NA,NA
S467C,S889C,NA,5.95,NA,NA,19,NA,NA
S469Q,S910C,S51R,2.45,9.83,26.37,14,0,18
S471C,S889C,NA,7.68,NA,NA,12,NA,NA
S472R,S889C,NA,1.84,NA,NA,18,NA,NA
S473C,S850R,NA,2.05,NA,NA,18,NA,NA
S480R,S886C,NA,11.6,NA,NA,0,NA,NA
S481C,S889C,NA,5.7,NA,NA,10,NA,NA
S484Q,S55Q,NA,8.05,NA,NA,11,NA,NA
S489R,S53R,NA,15.15,NA,NA,0,NA,NA
S48R,S10R,NA,10.9,NA,NA,8,NA,NA
S494Q,S889C,NA,9.78,NA,NA,15,NA,NA
S498C,S908R,NA,-1.48,NA,NA,21,NA,NA
S504C,S889C,NA,7.64,NA,NA,8,NA,NA
S508C,S39C,NA,3.28,NA,NA,22,NA,NA
S50Q,S10R,NA,12.67,NA,NA,0,NA,NA
S511C,S10R,S51R,17.03,9.67,29.31,0,7,8
S518R,S860Q,NA,14.99,NA,NA,0,NA,NA
S522R,S850R,NA,1.31,NA,NA,15,NA,NA
S525C,S850R,NA,13.37,NA,NA,0,NA,NA
S526C,S53R,NA,1.99,NA,NA,18,NA,NA
S539C,S860Q,NA,9.46,NA,NA,16,NA,NA
S547R,S853C,NA,2.63,NA,NA,16,NA,NA
S551C,S889C,NA,4.05,NA,NA,17,NA,NA
S556Q,S890R,NA,0.54,NA,NA,10,NA,NA
S558Q,S889C,NA,5.41,NA,NA,17,NA,NA
S559R,S890R,NA,3.67,NA,NA,9,NA,NA
S56Q,S39C,NA,7.99,NA,NA,11,NA,NA
S573C,S889C,NA,10.51,NA,NA,7,NA,NA
S574C,S889C,NA,6.72,NA,NA,11,NA,NA
S575Q,S10R,S51R,9.11,7.03,25.14,13,11,28
S576C,S10R,S51R,15.39,13.9,33.85,4,0,5
S578C,S889C,NA,5.97,NA,NA,12,NA,NA
S582C,S890R,NA,4.08,NA,NA,10,NA,NA
S58Q,S38Q,NA,2.43,NA,NA,25,NA,NA
S594C,S860Q,NA,7.46,NA,NA,17,NA,NA
S595C,S889C,NA,6.62,NA,NA,16,NA,NA
S598R,S860Q,NA,8.57,NA,NA,9,NA,NA
S601Q,S898R,NA,1.83,NA,NA,17,NA,NA
S602R,S39C,S51R,5.58,7.58,21.9,16,6,24
S607C,S853C,NA,-2.9,NA,NA,16,NA,NA
S609R,S898R,NA,9.42,NA,NA,0,NA,NA
S611R,S889C,NA,6.46,NA,NA,15,NA,NA
S613M,S53R,NA,4.08,NA,NA,15,NA,NA
S627C,S71Q,NA,3.07,NA,NA,11,NA,NA
S632R,S889C,NA,11.94,NA,NA,4,NA,NA
S633R,S39C,S51R,5.75,10.58,31.95,9,0,10
S641R,S872Q,NA,-0.16,NA,NA,24,NA,NA
S643R,S853C,NA,0.1,NA,NA,18,NA,NA
S645Q,S10R,NA,8.18,NA,NA,13,NA,NA
S646R,S902R,NA,5.7,NA,NA,10,NA,NA
S647Q,S896Q,NA,1,NA,NA,24,NA,NA
S652Q,S890R,NA,8.04,NA,NA,8,NA,NA
S655Q,S71Q,NA,8.76,NA,NA,0,NA,NA
S711C,S886C,NA,8.13,NA,NA,9,NA,NA
S74Q,S954R,NA,-0.82,NA,NA,28,NA,NA
S79Q,S51R,NA,5.78,NA,NA,9,NA,NA
S852Q,S898R,NA,2.69,NA,NA,17,NA,NA
S875C,S890R,NA,3.34,NA,NA,9,NA,NA
S880R,S884R,NA,9.46,NA,NA,0,NA,NA
S895M,S51R,NA,9.34,NA,NA,0,NA,NA
S8R,S51R,NA,15.26,NA,NA,0,NA,NA
S900C,S988C,NA,11.74,NA,NA,0,NA,NA
S905C,S901C,NA,9.32,NA,NA,14,NA,NA
S92R,S937R,S55Q,-0.1,5.81,17.94,25,12,43
S939C,S901C,NA,9.3,NA,NA,11,NA,NA
S943R,S902R,S903R,2.91,0.4,20.01,19,23,47
S945R,S901C,NA,0.79,NA,NA,19,NA,NA
S954R,S51R,NA,3.15,NA,NA,11,NA,NA
S972R,S937R,NA,4.87,NA,NA,22,NA,NA
S977C,S920Q,NA,2.9,NA,NA,15,NA,NA
S979Q,S53R,S937R,7.62,-0.53,23.86,8,23,34
S985C,S920Q,NA,4.37,NA,NA,12,NA,NA
S987C,S51R,NA,7.04,NA,NA,0,NA,NA
S98R,S901C,S51R,3.81,2.18,19.74,21,14,36
S99C,S907R,S71Q,12.15,8.37,24.91,0,5,9
